Test_Steps,Assertions,Iterations,Avg_Page_Load_Time,Explicit_Wait_Time,Browser,Headed,Execution_Time
56,7,2,0.92,0,0,0,116.84
19,17,2,1.03,4,2,1,125.47
76,20,2,4.15,4,0,1,222.58
65,9,4,1.32,0,0,0,167.54
25,17,3,2.77,5,2,1,153.46
79,20,3,2.32,0,0,0,176.27
79,22,1,2.09,4,2,0,201.97
28,22,1,4.13,8,1,0,142.3
7,8,3,0.88,4,0,1,111.78
26,17,3,3.26,5,1,1,161.39
57,7,3,4.36,7,1,0,197.17
6,1,4,2.87,0,0,0,74.65
34,13,3,4.27,1,2,1,157.63
42,23,1,0.99,8,0,1,148.92
6,19,4,2.35,2,1,1,128.17
68,24,3,1.76,5,1,0,204.14
64,19,1,3.5,4,2,0,175.88
25,17,4,4.43,1,0,0,158.44
37,13,3,1.75,6,1,0,152.39
62,16,3,3.22,3,1,0,196.25
26,8,3,1.53,0,1,1,103.56
53,19,4,2.89,3,2,0,196.45
63,18,1,2.52,5,1,1,185.17
46,1,1,4.4,6,1,1,144.1
64,14,2,3.05,6,0,0,205.75
19,19,3,2.09,6,0,1,149.33
66,15,2,1.22,2,1,0,156.79
66,18,2,1.36,5,1,1,178.26
51,2,1,1.63,7,0,0,141.62
66,22,4,1.73,3,2,0,206.31
55,17,4,3.95,7,2,1,236.26
59,18,1,2.88,1,2,0,156.86
68,6,4,2.74,9,2,1,248.78
7,19,2,1.22,8,2,0,125.93
55,4,3,3.98,8,2,0,211.22
11,1,1,3.47,7,2,0,93.56
25,8,3,1.05,9,2,1,168.93
77,23,4,3.42,9,0,1,280.67
43,7,3,2.81,0,2,0,172.1
22,3,4,1.1,1,2,1,107.97
8,10,4,2.5,5,2,0,127.43
64,10,2,2.59,9,1,1,188.9
18,19,4,1.41,4,0,1,137.01
13,14,2,4.3,8,0,0,123.62
57,2,2,3.94,4,0,0,181.85
6,1,2,3.28,1,2,0,69.29
64,23,1,2.51,9,2,0,186.59
75,23,1,2.32,3,1,0,177.75
48,18,4,3.21,8,0,1,190.33
12,7,2,2.82,0,2,1,99.67
51,8,1,1.03,0,0,0,82.49
39,1,2,2.7,6,1,0,141.18
40,23,3,3.78,2,1,0,139.86
54,3,3,2.5,9,1,1,197.2
8,24,3,0.99,1,0,0,96.55
6,23,4,3.71,8,2,0,160.69
10,8,2,1.55,2,2,1,81.17
58,22,3,1.76,1,1,1,175.37
8,15,1,1.41,7,2,1,104.46
58,5,3,2.02,9,1,1,208.89
67,3,3,3.6,5,0,0,179.03
22,19,3,2.72,5,1,1,152.89
48,1,4,1.56,9,0,1,161.24
38,15,1,4.05,6,1,0,143.1
78,8,2,4.05,6,2,0,216.92
66,2,1,4.02,5,2,0,188.09
18,3,2,1.68,3,1,1,98.07
52,24,4,2.47,8,2,0,202.9
19,14,4,4.44,5,2,1,160.37
76,24,4,3.66,3,2,1,249.47
66,14,4,0.9,2,0,1,184.61
44,11,2,1.04,3,2,0,128.33
57,16,3,2.52,2,0,1,169.65
28,4,2,4.16,1,1,0,120.44
30,20,1,2.79,4,2,0,122.14
64,5,4,2.64,1,2,0,185.24
45,22,4,1.19,5,2,1,211.32
33,21,1,3.23,2,1,1,115.9
19,14,2,3.84,5,0,1,110.9
49,23,3,2.21,9,0,0,198.42
69,16,3,3.67,8,2,1,236.87
75,18,1,4.37,0,1,1,186.68
13,7,3,1.55,5,1,1,106.69
5,10,2,2.74,8,1,1,114.82
12,7,2,1.86,3,1,1,109.47
67,1,1,3.73,1,1,0,162.16
15,23,2,2.94,3,0,0,112.04
12,21,4,3.15,0,0,0,93.84
39,19,1,3.75,2,0,0,114.19
39,16,2,2.27,9,2,1,152.07
37,19,1,4.19,8,1,0,154.13
9,4,3,2.77,9,2,1,151.43
45,18,2,1.38,4,1,0,148.11
32,2,4,3.37,5,0,0,147.34
11,1,2,3.74,2,2,0,93.0
77,15,1,1.97,4,0,1,178.37
76,5,1,3.97,7,1,1,214.81
16,20,2,4.15,5,1,0,135.86
38,11,4,1.82,3,1,1,143.2
37,10,4,4.44,1,0,0,155.02
52,2,4,1.32,8,1,0,193.48
27,3,1,1.55,0,0,0,63.15
66,23,2,1.48,0,2,1,182.25
41,23,3,4.11,3,1,0,197.93
48,12,1,3.22,6,1,0,154.32
39,20,4,1.36,0,1,0,143.31
69,5,2,2.43,8,2,1,205.56
51,5,4,3.08,3,1,0,175.95
7,6,3,1.11,2,0,1,84.78
5,9,4,4.06,0,0,0,97.13
9,2,4,3.77,9,1,1,144.06
18,21,3,2.67,3,1,0,124.22
31,12,2,4.38,8,2,0,181.76
13,3,1,2.35,9,2,1,124.19
19,20,2,4.44,5,2,1,160.64
46,22,3,3.27,5,1,0,177.39
55,12,4,3.15,0,2,1,194.8
67,24,2,1.41,9,2,0,214.77
56,17,1,4.06,1,0,0,137.57
8,10,3,2.38,5,2,0,115.23
27,24,2,1.4,1,0,1,99.98
19,14,1,0.85,2,0,0,62.17
47,23,3,2.87,3,2,1,186.75
33,17,1,2.75,4,0,0,120.07
40,18,3,3.46,8,1,1,182.19
17,19,4,4.09,3,1,1,162.96
36,17,2,1.09,8,2,0,158.04
75,14,1,3.51,9,1,1,217.73
63,9,3,1.49,2,0,0,144.24
32,8,1,3.98,7,1,0,137.79
70,2,1,3.83,0,2,0,156.78
46,13,2,2.8,8,2,0,178.93
49,7,4,3.43,8,0,0,190.91
66,9,1,1.96,9,2,1,180.81
61,22,3,2.54,1,1,0,172.54
10,22,3,3.84,3,2,1,133.26
32,11,4,2.5,7,0,1,176.14
32,14,3,2.12,6,2,0,147.18
48,4,4,2.63,0,1,1,177.03
34,13,3,3.86,4,0,0,129.16
66,2,2,2.04,6,1,1,200.03
79,23,1,1.44,3,0,1,183.18
66,5,2,3.43,0,2,1,185.04
5,11,1,3.86,8,0,0,99.98
31,6,1,1.17,4,0,1,114.06
66,18,1,1.69,1,2,0,152.05
7,21,2,1.33,7,1,1,101.95
74,10,1,2.09,1,2,1,188.93
76,4,2,2.47,2,0,1,179.83
31,9,4,3.57,9,2,1,199.48
13,6,3,3.21,0,0,0,98.33
66,2,3,3.1,1,2,0,168.08
41,17,1,2.1,6,2,1,161.85
55,5,2,3.91,9,1,1,196.88
48,6,3,2.54,1,0,0,136.8
28,12,2,4.42,5,1,0,142.68
63,23,2,3.15,2,0,0,157.1
36,21,1,1.27,3,2,0,112.17
56,10,3,3.3,7,0,1,212.91
66,22,1,2.0,2,1,1,179.46
62,21,1,3.34,9,1,0,198.89
56,6,3,1.06,5,1,0,166.71
16,8,3,1.45,0,0,0,75.06
43,2,4,3.97,6,1,0,195.43
6,12,4,1.64,7,1,0,118.72
7,13,2,3.9,7,1,0,119.42
60,21,3,1.83,2,2,1,200.9
63,7,4,3.18,9,2,1,232.77
6,10,2,3.37,0,0,1,93.55
6,13,2,2.7,8,0,0,89.7
58,17,2,1.93,5,1,0,187.34
5,21,4,1.59,8,2,0,133.29
23,14,3,0.92,6,1,1,132.63
6,2,1,1.92,0,1,0,25.06
57,22,2,3.22,0,2,0,160.31
48,11,4,4.27,5,2,1,199.56
36,1,4,4.02,4,2,0,160.88
74,19,1,3.63,8,0,1,215.87
36,21,1,3.72,1,0,1,137.14
72,4,4,3.26,7,1,0,228.36
59,19,3,1.76,4,0,1,186.86
79,21,1,4.16,1,2,0,186.62
60,11,4,3.28,9,2,1,231.23
21,8,1,2.87,5,0,0,115.85
42,11,3,1.21,9,1,1,171.13
28,4,2,2.45,7,1,0,146.36
73,17,1,2.5,3,0,1,177.67
74,7,3,4.0,1,1,1,205.62
15,8,4,2.82,4,1,1,146.16
20,3,1,2.21,1,1,0,85.8
77,22,1,4.41,1,2,0,196.27
63,2,4,1.21,5,2,1,196.9
74,23,2,2.36,9,0,0,216.72
7,15,4,0.96,8,2,1,143.56
24,24,1,3.54,3,1,0,125.43
63,22,4,4.2,5,2,1,240.74
40,22,3,1.84,6,0,0,164.51
23,5,4,3.98,5,2,1,181.72
71,24,1,1.88,7,1,1,207.55
23,1,4,4.17,3,1,1,150.78
24,4,2,3.59,0,0,1,86.73
75,15,4,3.78,6,2,0,218.43
56,20,2,0.87,2,2,1,166.84
37,19,3,4.36,5,2,0,177.63
44,3,2,3.49,1,1,0,126.17
43,20,4,1.93,8,0,1,196.38
5,11,1,3.87,0,2,0,70.66
15,17,2,1.84,5,1,0,117.1
61,13,3,4.03,5,1,0,202.0
54,11,2,1.22,4,1,1,152.09
27,2,2,3.4,4,2,0,135.2
35,9,2,2.8,0,2,0,115.93
46,2,3,1.16,9,2,1,188.15
11,21,4,1.7,4,2,1,132.13
20,9,2,0.85,1,2,0,78.5
64,9,2,2.53,6,2,1,200.28
6,8,1,1.91,2,2,0,64.81
5,17,3,3.01,3,2,0,112.98
52,1,2,1.9,2,2,0,137.31
16,11,3,1.91,2,1,1,91.72
73,8,2,3.55,3,2,0,190.97
41,10,4,0.98,4,0,1,163.28
36,7,4,4.14,0,1,1,153.75
13,3,2,3.95,3,2,0,102.04
23,3,4,3.27,7,0,1,165.92
52,18,2,2.99,9,2,1,200.2
7,5,4,4.1,6,0,1,119.87
24,12,1,1.49,8,0,1,117.91
28,12,1,1.09,4,0,1,97.48
58,19,1,1.69,9,0,0,163.06
37,6,3,3.74,3,1,1,155.47
28,2,3,0.93,7,1,0,132.96
79,12,1,2.96,8,0,0,203.69
76,19,3,4.48,6,2,0,246.11
40,5,4,3.97,6,0,0,191.89
42,12,2,2.73,4,1,0,141.01
29,17,2,1.04,3,2,0,119.2
22,17,2,3.88,9,1,1,157.55
70,10,1,3.02,0,1,1,156.7
58,23,3,1.23,9,2,1,212.39
39,17,4,1.15,9,0,0,169.51
65,15,4,4.17,6,0,1,234.45
45,12,1,3.28,0,0,1,148.83
37,16,4,3.87,0,0,1,150.1
72,24,4,4.05,4,2,0,235.43
37,19,4,2.92,8,2,1,203.43
18,8,4,2.71,5,2,0,144.04
25,21,3,2.39,2,1,1,138.06
52,17,4,1.97,2,2,0,190.2
24,23,2,2.41,6,0,0,103.42
12,5,1,3.66,5,1,0,70.41
11,22,3,3.03,8,0,1,139.38
71,16,4,4.1,5,0,1,246.07
21,6,3,2.44,4,2,0,108.16
37,8,4,3.05,9,2,1,171.22
52,18,2,3.14,6,0,0,177.23
63,12,1,2.99,0,0,0,142.46
26,15,4,3.4,6,1,1,161.3
34,9,4,1.68,2,2,1,141.78
42,13,4,2.7,8,1,1,189.3
55,15,4,1.19,5,1,0,184.13
58,10,1,2.22,8,1,0,164.5
12,16,1,2.6,4,0,1,98.54
31,7,2,3.21,6,1,0,109.23
31,17,1,4.32,3,1,1,129.09
25,23,4,3.02,6,0,0,146.8
34,21,2,3.55,0,2,1,139.64
32,22,2,2.67,6,2,1,157.58
68,7,2,3.15,7,1,0,205.78
73,14,4,1.06,4,0,1,188.59
65,15,3,1.74,1,2,1,186.87
52,21,4,2.14,4,1,0,191.5
23,7,1,2.55,5,1,1,132.07
8,9,1,0.97,1,0,0,39.14
39,19,4,1.32,5,1,1,176.5
68,16,4,1.82,5,2,0,196.32
53,8,2,4.39,0,0,1,131.1
21,18,4,2.03,0,2,1,140.59
48,23,2,2.58,9,2,1,201.98
34,18,1,1.53,2,2,1,133.43
50,20,2,3.06,9,1,0,176.75
10,7,4,1.84,9,1,0,139.52
41,3,1,1.57,2,2,0,129.15
28,18,3,2.71,3,2,0,145.28
50,10,2,0.82,1,0,0,121.33
57,7,1,0.83,8,0,0,149.83
64,17,2,1.61,9,1,0,181.77
67,14,1,0.94,6,1,1,190.78
36,24,1,1.2,6,0,1,128.69
37,3,2,2.05,5,2,1,150.34
71,12,3,3.77,2,1,1,192.63
22,13,1,2.92,5,2,0,103.97
29,2,1,2.7,7,0,0,128.05
58,3,1,1.89,7,1,0,154.05
62,5,3,4.25,8,1,1,237.53
71,11,3,2.27,0,0,0,168.68
50,8,4,1.12,0,1,1,135.94
28,23,2,3.08,2,0,0,127.96
36,23,3,1.22,2,1,0,128.26
51,12,2,2.08,9,0,0,178.73
27,7,4,2.68,7,1,0,156.79
70,15,2,4.03,9,2,1,224.81
31,24,3,2.63,0,2,1,146.38
6,17,2,3.4,1,2,0,112.76
21,4,3,4.47,1,1,1,132.39
37,22,2,1.29,2,1,0,122.84
13,13,3,1.82,5,2,0,128.21
47,18,3,2.26,0,2,0,153.09
52,1,2,2.36,1,0,0,128.78
43,16,4,2.32,0,0,1,142.94
46,13,1,4.16,4,0,0,147.02
30,10,4,3.44,6,2,0,180.87
54,12,2,3.05,7,2,1,187.64
29,2,4,1.94,9,2,0,179.86
28,23,3,3.85,0,0,1,136.28
17,3,1,4.33,6,1,0,101.66
64,10,2,3.84,4,2,0,200.7
11,2,2,0.81,9,1,0,96.71
61,23,2,3.15,0,1,0,172.7
40,13,1,0.99,2,1,0,103.4
49,13,3,1.75,6,0,0,163.3
24,18,2,1.02,9,1,1,148.5
69,3,4,3.03,0,2,0,193.05
12,7,2,3.34,6,0,1,94.36
20,14,2,1.22,4,2,1,105.75
18,20,2,2.22,0,2,0,106.05
19,17,2,2.49,0,0,1,94.7
70,21,3,2.17,0,2,0,181.92
36,12,4,1.25,8,2,1,170.01
67,16,3,2.35,2,0,0,167.3
55,24,4,3.58,4,2,1,200.12
29,12,2,1.06,9,1,1,145.57
62,15,1,1.1,8,2,0,171.82
67,10,3,2.11,5,1,1,192.71
66,7,1,4.28,8,2,0,202.16
26,20,3,3.27,7,0,0,155.8
62,5,2,3.31,7,0,0,203.41
62,1,3,2.14,0,2,0,143.8
53,17,2,3.0,8,0,0,192.69
56,3,3,0.84,5,2,1,185.85
46,13,2,3.15,8,0,1,170.81
74,14,2,4.18,2,1,1,207.67
19,24,4,3.07,2,2,0,137.68
58,18,2,4.03,5,1,1,200.5
64,4,4,3.48,8,1,1,246.13
12,18,2,1.25,6,2,1,124.46
57,5,1,4.14,2,1,1,165.71
64,16,2,1.05,2,2,1,168.9
9,1,1,2.78,1,1,0,44.7
72,21,1,1.33,8,2,0,197.36
10,14,2,0.84,2,2,1,100.99
51,15,1,2.36,4,0,0,124.11
59,9,4,1.89,8,2,0,200.27
44,15,3,2.6,7,2,1,193.06
56,17,2,2.94,1,1,1,156.27
20,24,1,0.96,2,2,0,82.95
17,4,2,1.26,1,0,1,73.54
34,12,4,2.87,7,1,0,158.9
23,5,2,2.07,5,1,0,100.32
21,5,2,3.5,5,0,1,129.53
67,11,1,3.21,8,1,0,179.91
23,6,4,3.93,7,1,0,143.76
62,7,3,3.36,3,1,0,176.18
59,24,3,2.39,3,1,1,201.14
66,14,1,3.29,8,0,1,196.55
27,24,2,1.82,0,0,1,103.61
13,11,1,1.93,1,1,1,77.18
16,13,1,3.72,1,1,0,69.7
5,2,1,2.45,5,0,1,80.65
62,7,2,3.75,3,0,1,181.43
5,20,4,3.84,9,0,1,153.13
38,4,1,3.97,2,1,1,140.02
52,8,2,4.19,2,1,0,146.65
5,20,4,2.39,2,2,0,123.9
20,22,1,1.98,5,0,0,101.98
65,21,3,2.95,7,1,1,221.53
68,19,4,2.17,6,0,1,222.36
67,13,1,3.02,3,1,0,166.99
73,14,4,3.41,3,0,1,233.18
26,10,4,3.35,9,1,1,172.03
71,11,4,2.19,1,2,0,190.19
30,2,4,1.42,0,2,0,128.32
20,9,4,2.39,8,0,1,148.36
55,17,4,1.33,1,1,1,184.75
61,3,1,4.09,7,1,1,206.61
33,24,3,2.08,8,0,0,157.32
73,6,2,1.37,3,1,0,177.07
51,5,4,0.89,7,0,0,159.08
66,5,2,3.19,8,1,0,206.07
73,22,1,3.16,9,0,1,221.37
20,15,4,2.06,9,1,0,162.21
52,23,3,1.07,4,0,0,154.5
43,17,2,2.32,6,1,1,150.05
37,9,4,1.95,9,2,1,198.33
27,3,1,3.31,3,1,1,91.75
14,20,3,3.04,0,0,0,94.15
73,17,2,2.15,2,2,1,205.71
38,10,2,1.61,4,1,1,139.8
56,3,4,4.46,2,2,0,211.56
14,18,3,2.48,6,1,0,137.49
23,18,3,3.35,8,2,1,167.16
62,17,3,1.32,5,0,0,178.43
5,24,3,2.6,9,1,1,144.03
73,3,1,0.9,0,1,1,131.28
8,3,3,2.67,6,0,0,92.36
20,6,2,4.37,2,2,1,120.15
28,13,2,2.22,4,0,0,93.8
6,24,1,0.94,9,0,0,93.19
36,15,2,0.91,3,2,0,121.79
28,9,2,2.24,9,0,1,129.39
16,4,3,1.39,4,1,0,104.36
54,14,2,0.89,4,1,0,156.48
39,5,1,3.6,5,1,1,146.57
37,2,3,2.5,9,0,1,164.86
37,11,4,1.87,9,1,1,194.17
65,9,3,4.13,5,1,1,221.54
55,24,1,1.23,7,1,0,167.61
47,3,3,4.34,7,1,0,176.37
16,9,3,1.96,8,1,0,131.65
71,3,1,4.09,7,1,1,216.57
69,2,3,3.03,1,0,1,174.37
37,12,1,3.86,9,1,0,179.96
44,10,1,4.44,0,1,1,132.26
78,9,4,1.87,9,2,1,254.48
47,15,2,4.36,1,0,0,139.66
48,8,2,2.24,1,0,0,127.55
33,5,3,2.23,2,0,1,109.92
17,11,3,2.06,9,0,1,136.32
16,2,4,2.8,6,1,1,131.08
50,24,4,1.37,1,1,0,165.51
6,15,4,2.85,0,2,0,113.74
39,6,1,2.8,5,2,0,141.16
12,8,4,3.62,8,0,0,117.64
30,5,4,3.88,2,2,0,170.46
78,16,3,2.43,5,2,1,235.19
38,18,4,1.92,2,0,1,147.0
11,6,1,1.76,0,0,1,58.95
72,5,1,1.52,4,2,0,169.92
62,16,3,1.01,9,1,0,194.21
79,13,4,2.07,3,2,0,222.44
33,5,4,1.8,6,2,1,161.83
40,13,1,4.38,5,1,0,144.4
25,17,4,2.86,9,1,0,166.12
40,18,4,2.08,6,0,1,164.71
14,8,4,2.95,4,0,0,120.46
77,13,2,1.32,3,2,1,203.31
28,19,3,2.44,6,1,0,153.87
68,3,2,3.12,6,0,0,191.56
53,24,3,2.61,5,2,1,205.82
40,8,1,2.29,7,1,1,142.39
28,2,4,4.48,3,2,1,172.84
27,8,3,4.06,9,0,1,156.8
66,13,2,3.11,4,0,1,179.27
41,13,4,2.91,3,1,1,164.54
16,1,1,3.1,0,2,0,84.4
59,6,3,1.54,7,1,0,192.05
17,24,3,2.26,0,0,1,113.65
27,19,3,0.95,4,0,0,130.02
34,16,4,2.56,5,2,1,170.49
21,8,2,2.81,5,2,0,124.87
66,1,2,1.64,4,2,1,177.67
17,16,3,4.37,2,1,0,133.73
63,9,1,4.16,4,2,0,177.83
23,13,1,3.47,7,2,0,127.81
53,11,2,2.77,1,0,0,144.87
16,13,1,4.02,5,0,0,112.32
65,21,2,1.28,8,2,1,203.86
23,10,3,3.72,7,2,1,164.65
13,4,2,1.26,7,0,1,91.2
75,6,2,3.74,7,2,0,193.24
32,7,3,1.82,6,1,1,152.16
56,5,1,4.05,7,1,0,179.49
20,11,2,4.29,5,1,0,130.74
73,13,2,1.35,1,2,0,152.2
16,19,3,2.51,1,0,1,106.77
29,23,1,4.43,7,2,0,134.16
56,10,2,2.59,0,2,1,172.42
57,10,3,4.0,5,0,1,185.64
27,11,2,2.98,5,0,0,134.69
20,21,4,2.19,3,0,0,136.78
61,7,3,1.86,9,1,1,199.97
43,18,1,1.55,2,2,1,123.97
57,4,1,3.62,2,0,1,153.16
46,2,1,2.23,0,2,1,114.0
62,14,1,2.69,2,1,1,164.74
43,13,2,2.62,3,1,1,146.03
18,12,2,2.94,4,0,0,86.31
9,7,1,4.0,2,0,1,60.8
39,2,1,4.43,5,2,1,156.81
79,13,1,2.31,4,0,1,183.76
22,14,2,3.86,2,2,1,125.55
13,17,1,3.63,5,0,0,106.1
78,9,1,2.92,5,2,0,208.29
62,17,4,4.34,7,2,1,243.59
21,8,4,1.54,1,2,1,121.81
11,2,1,1.2,0,2,1,66.7
50,24,3,3.96,3,1,0,169.31
17,13,1,2.42,6,2,0,111.49
44,3,4,3.93,9,0,0,198.36
46,16,3,4.1,2,1,0,173.4
13,6,3,1.03,2,1,0,65.17
54,19,1,4.07,4,2,0,165.15
31,7,4,2.46,4,1,1,147.0
70,10,4,2.69,9,2,0,240.52
9,9,3,3.12,2,0,0,96.47
33,2,1,4.23,8,2,1,173.91
41,15,2,0.87,3,1,0,120.51
42,5,2,2.56,2,0,1,126.5
12,22,4,3.34,1,2,0,138.82
69,4,2,3.47,9,0,1,216.43
21,20,4,3.36,8,0,1,185.06
75,4,4,1.3,3,1,1,207.99
49,18,4,1.91,2,0,1,159.61
8,4,2,2.13,6,1,1,88.91
40,17,4,3.78,7,0,0,171.32
74,12,3,1.83,1,2,0,194.86
35,22,1,1.58,6,0,1,146.63
23,17,1,4.34,4,2,1,155.31
65,10,4,0.83,4,2,1,210.57
58,22,1,4.49,2,0,0,174.15
43,1,2,3.3,4,2,1,151.9
78,22,2,3.87,1,0,1,193.0
23,24,1,1.89,3,0,1,114.32
43,18,2,0.85,5,2,1,160.88
71,18,1,3.53,0,2,0,174.21
49,14,1,3.89,9,1,1,192.69
17,15,1,3.54,3,2,1,118.05
62,12,4,1.33,5,1,0,205.08
24,4,1,3.59,8,2,1,154.87
76,3,4,3.65,1,0,1,214.04
65,20,1,3.24,6,2,0,201.88
43,12,1,3.63,5,0,0,145.28
5,7,1,3.93,1,0,0,56.93
7,11,2,3.07,7,0,1,120.43
66,1,4,1.13,6,1,1,188.9
67,6,4,2.6,4,2,0,216.64
29,15,1,1.09,4,0,0,84.27
60,15,1,2.31,6,0,0,165.34
37,19,2,2.31,8,1,1,160.73
42,11,2,1.04,8,2,1,171.65
10,23,2,2.09,8,2,0,125.78
62,2,4,1.21,5,1,1,177.33
48,14,4,3.79,9,1,0,216.73
49,2,4,4.31,5,2,1,198.8
36,4,1,1.07,2,1,1,112.57
49,17,4,4.33,0,2,1,191.75
65,3,3,2.73,6,2,1,213.69
51,13,3,1.91,3,0,0,143.6
25,9,2,1.08,0,0,1,81.45
79,7,4,2.65,7,2,1,245.71
40,15,3,3.74,5,2,0,183.49
23,23,2,3.42,5,2,1,168.03
24,11,4,0.99,1,2,0,109.67
61,20,1,1.07,0,2,0,150.83
22,2,3,2.29,1,2,1,94.22
51,15,1,1.89,3,1,1,134.68
53,14,4,1.66,1,2,0,159.39
18,20,3,1.84,0,1,0,86.19
19,22,4,3.77,6,1,0,144.42
35,11,1,4.24,7,2,1,168.35
5,3,3,2.3,5,2,0,99.16
58,17,1,4.15,3,1,0,170.59
7,12,4,1.99,5,1,0,121.92
20,24,4,2.56,2,2,1,152.34
61,21,1,1.64,7,2,0,187.0
79,15,3,3.17,9,1,1,252.16
16,16,1,4.42,1,1,1,93.29
78,5,4,3.03,4,1,0,229.82
20,20,1,2.12,0,0,1,79.07
76,6,4,3.2,5,1,0,214.04
28,19,1,1.25,1,0,1,92.42
32,5,3,4.09,3,2,1,148.59
12,3,3,2.66,5,2,0,110.51
40,1,1,2.46,9,1,0,146.92
12,6,1,2.97,7,2,0,109.04
62,15,3,3.11,7,2,1,213.9
64,2,4,1.07,5,2,1,196.28
54,3,3,3.33,3,2,0,183.78
32,17,4,1.7,7,0,0,163.16
45,24,1,3.44,7,0,1,191.97
68,12,1,3.84,9,1,1,227.12
31,18,4,3.77,0,1,1,166.5
67,15,1,2.84,3,1,0,154.34
21,12,4,2.72,3,2,1,155.5
77,16,2,1.33,6,2,0,204.41
37,8,3,3.67,6,0,1,161.75
33,14,2,1.8,7,0,1,145.78
17,17,4,2.64,4,1,0,143.67
50,21,3,1.85,6,0,0,177.61
39,8,4,1.3,7,0,0,149.52
10,15,3,3.13,8,0,1,145.46
73,14,3,1.0,2,0,1,178.32
51,18,3,3.57,2,0,1,177.63
29,20,3,1.98,3,1,0,129.31
70,7,4,0.8,4,1,1,198.81
14,3,3,2.69,9,0,0,133.58
60,12,3,0.97,0,1,0,138.96
34,21,2,1.82,6,2,0,167.81
9,24,1,3.42,8,0,1,103.85
37,3,1,1.03,7,2,1,129.16
69,20,2,3.91,4,1,0,204.48
22,14,2,0.81,3,1,1,111.52
53,15,4,1.71,6,2,0,194.18
15,14,4,3.54,4,1,0,135.45
30,7,4,1.97,6,0,1,158.47
67,17,2,1.18,0,2,0,157.23
63,12,2,2.13,0,0,0,159.07
31,20,3,1.8,9,2,1,188.29
53,4,4,3.92,2,1,0,186.79
37,9,4,1.96,1,2,0,133.72
5,6,4,3.72,1,2,0,106.27
25,16,1,4.1,6,0,0,122.1
59,22,3,2.41,9,1,0,202.32
10,22,4,4.17,1,0,0,122.56
73,21,4,2.2,3,1,0,207.52
9,21,4,4.37,1,0,1,134.81
7,2,1,1.13,5,2,1,69.44
57,24,1,3.34,7,0,0,195.61
27,8,2,2.63,9,1,0,133.98
57,11,3,2.23,3,1,1,181.33
41,13,2,3.14,4,2,1,170.94
78,17,3,3.4,3,1,1,219.09
78,8,1,0.82,2,0,1,170.48
21,21,4,1.42,4,2,1,137.37
77,18,2,3.44,8,1,0,241.94
5,18,4,3.27,7,1,1,147.2
55,14,2,4.37,7,0,1,191.7
49,15,1,3.62,7,0,1,168.47
8,6,1,4.32,7,2,0,118.45
66,11,1,3.4,6,1,0,177.16
69,13,2,1.9,7,0,0,180.61
36,1,3,1.19,7,2,0,145.1
38,6,2,3.69,7,1,0,144.55
76,9,3,3.18,9,1,0,251.85
43,8,2,0.98,6,2,1,149.08
30,11,2,2.13,0,2,0,115.16
38,22,1,4.34,3,0,0,138.41
58,19,4,2.65,3,1,1,192.55
7,24,4,2.4,4,1,0,122.84
54,9,3,2.49,9,1,1,212.96
16,17,4,1.57,5,2,1,143.28
69,12,2,2.16,3,0,0,181.31
58,14,2,2.17,1,1,1,170.78
9,15,1,0.99,5,2,1,101.61
61,16,1,3.64,7,1,1,191.82
21,22,4,2.34,7,0,1,150.02
51,22,3,3.84,6,1,0,190.68
27,20,4,3.95,5,0,1,173.06
18,1,4,1.58,1,0,0,98.9
70,10,4,3.23,6,1,1,211.12
79,8,4,2.55,4,1,1,229.22
55,18,2,4.06,5,0,1,189.96
42,1,3,1.6,9,2,0,166.82
68,2,2,3.31,7,0,0,201.99
42,1,3,3.05,7,1,0,169.42
54,1,1,1.89,2,1,1,148.02
34,9,4,1.31,6,2,1,166.52
55,13,2,3.21,0,0,1,161.95
67,1,3,3.53,0,0,1,191.89
56,13,1,1.97,6,0,0,165.28
42,20,1,3.19,9,1,1,166.6
34,22,4,2.26,8,0,0,172.14
55,7,3,3.44,6,2,1,200.17
9,2,2,1.54,9,1,0,107.31
33,6,4,4.09,4,1,0,167.88
8,7,2,1.86,7,0,1,93.09
14,14,1,2.16,1,2,1,89.16
60,18,2,1.01,8,1,0,162.28
21,15,2,1.21,5,1,1,132.6
78,2,4,2.71,8,0,1,233.16
21,10,2,1.79,1,0,0,83.38
73,23,4,3.89,2,2,0,225.92
38,12,1,0.85,7,0,0,131.86
10,17,4,2.2,0,2,0,77.82
57,8,4,2.05,9,1,1,217.13
70,11,3,0.87,6,2,0,197.7
47,3,2,1.26,6,2,0,144.44
79,6,1,2.33,0,2,0,183.2
27,9,4,2.62,8,1,1,163.79
59,6,1,2.3,7,0,0,166.42
79,9,3,2.76,3,1,1,218.34
20,7,2,3.0,9,0,0,141.22
12,9,4,0.84,4,2,0,105.25
8,18,2,2.52,1,2,1,90.23
8,12,3,4.36,8,2,0,155.44
60,8,3,2.72,5,2,0,195.41
29,8,1,3.31,2,2,1,104.93
71,18,4,1.95,6,0,0,209.11
71,20,1,3.66,8,0,0,207.64
31,15,3,3.66,2,2,0,154.16
36,7,2,2.73,1,1,0,109.65
54,11,1,4.41,6,1,1,153.94
65,20,1,1.26,6,2,0,182.81
55,16,2,0.86,3,0,1,138.98
23,4,1,3.65,8,1,0,104.73
25,6,2,3.79,7,1,1,119.3
9,22,4,1.24,0,1,0,103.16
46,3,2,1.78,0,2,1,132.93
65,9,4,0.86,4,1,0,183.32
26,10,2,1.89,5,1,1,141.01
25,14,3,3.66,2,1,1,146.35
74,11,3,2.72,8,1,0,239.72
5,18,4,2.09,9,0,1,127.69
9,22,4,2.18,5,2,0,133.19
16,12,3,0.81,3,2,0,86.91
50,23,4,1.91,6,0,0,184.39
38,12,2,3.19,7,0,0,148.63
53,13,2,4.4,8,2,0,207.37
49,13,3,3.93,5,1,1,192.8
31,19,1,0.89,5,1,0,118.05
77,19,2,4.12,7,2,0,241.69
30,23,4,3.7,4,1,0,188.55
51,14,1,3.69,2,0,0,136.07
60,4,1,2.49,2,1,0,131.71
67,13,2,2.27,5,1,0,186.52
52,8,2,1.92,1,1,1,136.74
65,23,1,1.04,5,2,1,198.04
30,21,1,1.64,5,0,0,109.09
40,23,3,1.71,7,1,1,173.42
5,19,4,2.59,6,2,0,128.71
12,12,3,3.57,7,1,0,140.34
56,18,2,2.55,8,0,0,181.22
51,6,3,1.01,5,1,0,149.96
60,18,3,4.34,2,0,0,201.77
18,19,3,4.29,9,1,1,164.96
32,22,3,3.71,2,0,1,151.64
6,5,4,4.47,0,1,1,119.28
30,24,4,2.81,4,0,1,148.37
18,9,1,4.36,3,1,0,106.88
63,3,2,1.08,8,1,1,174.99
60,10,3,2.15,8,2,0,211.43
11,19,1,1.63,4,2,1,89.11
7,3,1,1.52,9,0,1,98.99
27,22,1,1.32,3,1,1,122.72
22,15,4,3.1,6,0,1,166.41
42,1,3,3.69,5,2,0,168.83
19,7,3,2.94,3,0,1,116.31
68,12,2,1.34,9,0,1,195.56
32,17,3,3.8,1,2,0,159.71
78,21,3,3.15,0,1,0,194.01
43,24,1,2.24,3,0,1,128.25
61,20,2,3.29,3,2,0,191.47
21,5,3,1.76,0,1,0,83.62
48,4,4,2.08,5,2,0,167.34
29,12,3,4.19,3,0,1,133.18
21,20,1,1.87,0,1,0,75.63
17,24,4,2.54,0,1,1,128.19
29,18,1,4.09,0,2,1,127.05
72,17,3,3.42,7,2,1,251.47
14,19,4,1.03,9,2,1,164.71
71,9,2,1.35,7,1,0,187.59
22,4,2,0.83,1,1,1,85.86
38,21,4,3.13,6,0,0,181.94
12,2,4,2.46,7,1,1,151.01
44,4,1,1.3,7,0,0,127.86
46,2,4,4.34,9,2,1,215.63
45,15,1,2.76,6,2,0,145.65
10,2,3,1.7,4,1,1,87.75
56,4,1,2.65,0,2,1,149.06
30,6,4,3.31,8,2,0,182.06
68,7,4,1.08,6,1,1,216.01
63,10,3,1.82,1,0,1,166.77
60,19,4,3.79,5,1,1,238.59
63,19,4,2.5,1,0,0,177.86
74,22,2,2.82,0,1,1,200.71
37,12,2,2.4,6,1,1,153.91
57,3,3,0.96,1,2,0,142.5
26,13,1,1.41,1,1,0,89.61
25,18,2,2.45,4,1,0,125.6
74,8,1,1.57,4,0,0,165.53
74,21,4,0.98,6,2,0,226.45
8,15,2,3.92,0,0,1,88.98
79,1,3,4.43,7,0,1,259.62
66,3,3,3.73,2,2,1,211.08
66,8,3,3.96,3,2,0,207.31
28,4,2,1.7,8,2,1,145.92
59,16,1,4.35,3,1,0,179.17
13,23,4,1.53,9,2,0,160.32
7,10,1,4.32,4,2,1,107.32
35,12,1,4.48,6,2,0,148.9
44,14,4,3.43,3,0,0,166.83
40,14,4,4.43,0,0,1,132.94
28,2,2,2.91,8,1,0,138.99
10,23,2,1.76,3,0,0,81.6
70,5,2,2.42,8,1,1,224.29
79,5,2,3.0,5,0,0,195.69
8,6,2,1.07,0,2,0,49.47
10,13,4,3.1,2,0,1,117.7
55,9,1,4.43,1,1,1,147.68
66,22,2,1.5,8,0,1,207.33
61,15,2,3.73,0,2,1,182.25
70,14,1,4.16,8,1,0,217.06
79,24,2,4.29,8,2,0,240.11
12,7,1,4.35,7,2,1,127.74
30,20,1,2.73,7,1,0,122.19
55,2,4,4.42,0,2,0,186.47
49,7,3,3.6,7,2,1,206.09
48,6,4,1.4,9,0,1,195.96
9,17,3,2.56,2,2,0,105.6
74,2,3,3.46,6,2,1,232.43
30,3,3,1.72,0,2,1,135.2
72,5,2,3.17,0,2,1,180.51
23,5,4,3.27,9,1,0,165.05
24,1,3,1.4,4,0,1,103.14
16,8,1,2.89,4,2,0,88.84
51,12,2,3.66,7,2,0,187.36
5,24,4,2.65,6,1,0,142.94
18,4,3,0.84,7,2,1,127.36
68,13,1,0.83,5,1,1,169.68
42,23,4,2.12,5,0,1,177.29
41,15,4,4.23,1,0,1,164.99
15,11,2,1.65,5,2,1,118.45
7,10,4,3.15,4,2,0,108.73
37,3,2,1.62,2,2,0,129.67
10,22,3,1.99,5,1,0,108.87
54,14,2,3.94,7,2,1,211.94
14,16,1,3.5,8,2,0,113.1
9,10,2,1.15,0,0,0,61.39
27,10,1,2.39,2,2,1,118.34
14,12,2,0.91,2,0,1,85.72
48,9,4,2.58,7,2,0,184.9
6,1,3,3.25,0,0,0,74.3
17,5,1,1.24,4,2,1,81.59
44,20,2,1.87,2,0,1,138.43
6,8,2,2.27,1,1,1,88.85
69,11,2,4.2,7,0,1,222.87
67,12,4,4.48,2,0,0,204.09
77,1,4,0.97,6,0,0,192.31
21,22,1,3.62,0,2,1,118.52
13,20,1,2.18,5,2,0,102.13
79,11,4,2.25,2,2,0,192.1
19,5,1,3.59,7,1,1,132.05
28,15,3,4.2,5,1,0,154.36
42,5,3,4.32,1,0,0,154.58
39,12,4,2.94,5,1,0,159.67
53,5,1,2.12,6,0,1,120.69
73,17,2,3.71,4,0,1,209.57
66,17,3,1.73,2,0,0,175.36
64,24,4,2.89,3,1,1,200.41
54,12,1,2.13,3,2,1,146.86
79,24,4,3.23,5,1,1,280.09
13,15,2,1.69,9,0,0,110.96
38,15,3,1.51,0,0,0,124.39
39,6,4,4.2,3,1,1,169.39
5,12,4,1.18,9,0,0,98.64
44,20,4,2.67,3,0,0,164.66
68,18,2,1.62,9,1,0,201.7
26,14,4,0.94,0,1,0,107.72
64,2,2,0.93,8,1,0,173.89
68,9,2,1.45,3,0,1,172.44
76,5,2,4.01,6,0,0,202.58
15,20,3,1.85,2,2,0,98.66
18,1,3,4.32,9,2,0,160.22
64,23,4,2.95,2,1,1,192.51
34,3,4,2.42,7,2,1,157.26
39,6,3,2.95,7,0,1,175.29
41,5,1,2.71,0,2,0,116.25
9,21,3,3.61,9,0,1,149.61
30,5,2,1.85,1,1,1,94.85
66,1,3,2.11,7,1,1,196.6
8,17,2,4.11,0,0,1,89.85
46,19,4,4.3,7,2,0,197.64
22,14,1,4.1,7,1,1,132.61
44,12,4,2.35,1,1,1,169.92
76,10,2,3.69,3,2,0,216.79
43,20,2,2.56,5,2,0,157.79
18,21,2,2.64,8,0,1,146.48
36,18,1,1.56,7,2,0,120.74
55,24,3,2.99,7,2,1,225.21
42,11,4,1.49,6,2,0,165.68
27,2,4,2.03,8,0,0,149.41
67,18,3,3.96,1,0,1,195.1
19,7,4,1.57,2,1,0,123.86
29,24,1,1.06,9,0,1,129.44
21,15,4,1.06,7,1,0,147.26
70,11,2,4.28,5,2,1,216.24
57,18,3,2.68,9,1,0,206.76
55,23,1,2.31,8,1,0,175.54
43,12,3,3.8,9,2,0,189.04
55,6,1,3.89,3,1,0,151.28
74,20,2,2.03,7,0,0,201.61
10,23,3,3.37,9,0,1,153.77
71,13,4,3.65,2,0,0,204.95
11,20,1,3.22,2,0,1,98.24
55,16,3,1.36,7,1,1,202.42
76,18,4,4.04,4,1,1,234.21
46,10,3,2.79,2,2,0,166.01
68,23,3,1.85,9,1,1,220.34
19,8,3,2.37,0,1,0,101.74
33,18,1,0.94,2,1,1,115.62
37,21,4,1.27,8,2,1,173.35
31,1,2,3.63,4,0,1,131.27
40,23,1,0.8,9,1,1,153.12
33,8,1,2.34,1,2,1,106.03
42,6,1,2.73,6,2,0,157.15
61,5,2,1.0,1,2,1,147.96
31,15,4,4.4,3,0,1,158.64
59,22,4,1.64,6,1,0,203.98
37,15,4,1.93,3,2,0,164.8
72,2,3,1.92,6,0,0,189.54
70,1,3,1.65,6,2,1,218.66
14,23,3,0.81,0,2,1,109.19
9,23,2,3.5,5,2,1,109.12
78,11,3,4.38,8,2,1,253.55
42,10,2,1.63,1,2,1,129.42
17,18,4,3.25,2,0,1,138.69
35,18,3,3.55,9,1,0,156.05
51,17,3,3.94,4,1,0,209.11
56,8,1,2.36,8,1,1,182.59
60,15,2,1.92,3,1,1,173.85
19,8,4,2.0,0,0,1,120.72
33,17,1,3.44,3,0,1,151.06
12,12,1,3.82,5,0,1,113.87
9,8,4,1.47,4,2,0,121.15
33,14,1,2.17,0,2,0,103.37
51,4,2,4.14,3,2,1,172.4
72,1,2,3.78,5,1,0,189.28
49,1,3,4.44,9,2,1,204.56
6,19,1,3.59,9,1,1,119.05
31,16,3,2.25,3,2,1,136.79
40,14,1,2.99,8,1,0,152.36
40,21,2,3.25,4,2,0,141.95
30,16,2,1.09,7,2,1,149.43
47,5,2,2.81,8,0,0,160.62
31,9,1,3.42,9,2,0,151.53
73,2,2,1.42,4,2,1,183.24
24,18,1,3.69,5,0,0,147.69
15,6,3,2.96,0,1,0,106.58
78,9,1,4.32,6,0,1,198.31
42,1,3,0.96,3,0,1,134.81
10,9,1,1.78,1,1,0,53.36
76,16,3,3.03,4,2,1,218.9
27,13,2,1.9,2,1,0,92.7
51,9,3,3.44,5,2,1,198.54
50,21,2,3.61,7,2,1,194.87
16,13,2,1.18,6,1,1,123.52
17,9,3,2.7,2,0,1,120.24
66,11,1,2.68,7,1,0,195.98
64,4,1,2.17,1,2,1,147.04
47,2,4,4.25,9,1,1,219.85
72,6,1,3.86,8,1,1,218.0
9,14,4,3.38,3,2,0,122.0
41,4,1,3.44,0,0,0,96.5
76,6,1,2.51,7,1,1,217.98
35,19,2,4.21,6,2,1,179.65
13,6,4,3.37,4,2,1,147.62
55,2,1,3.5,9,1,1,176.88
33,18,4,3.99,4,0,1,161.63
44,13,2,1.81,6,1,1,155.19
45,9,2,3.79,4,0,0,147.78
15,23,4,1.52,7,0,1,135.42
27,19,2,2.08,5,0,1,131.24
5,13,3,2.04,4,0,1,83.33
50,11,3,4.42,8,1,1,199.96
25,1,2,3.97,1,2,1,127.77
40,24,3,3.39,0,2,1,170.36
58,22,1,3.49,7,2,0,187.6
61,7,4,2.88,2,2,0,179.96
5,21,1,4.3,6,2,0,102.43
67,15,4,2.64,9,2,0,234.89
58,1,2,2.21,7,1,0,176.93
59,12,1,1.4,5,0,0,155.58
44,7,2,3.71,9,2,1,187.31
19,15,2,3.52,8,1,1,137.13
25,21,4,2.22,6,2,1,174.74
51,19,4,0.89,9,2,1,205.58
77,1,4,3.9,4,0,1,220.32
57,17,1,0.84,7,0,1,176.07
13,17,3,3.4,1,0,0,109.57
78,3,4,4.39,6,2,1,256.1
56,12,4,2.42,3,2,0,175.24
61,6,1,1.67,8,2,0,175.77
30,11,4,3.41,0,0,1,149.71
45,3,1,3.82,6,1,1,154.7
39,8,2,2.82,5,2,1,171.97
67,14,4,4.38,7,2,1,264.67
29,14,4,0.99,4,2,1,169.26
79,10,2,2.67,0,1,1,190.91
42,2,2,3.46,0,2,1,144.15
6,14,2,3.99,8,1,0,136.26
11,9,4,1.46,9,2,1,154.85
38,3,3,3.76,5,1,1,161.47
21,21,3,2.85,9,2,0,159.61
47,8,3,2.27,4,0,1,163.45
63,16,4,1.29,0,0,1,162.71
55,2,2,4.0,5,0,0,163.67
58,6,4,1.38,5,0,1,196.81
28,21,2,1.95,2,2,1,108.49
29,12,4,1.87,7,0,1,176.4
75,5,4,4.02,0,1,1,223.88
56,2,2,3.29,0,0,1,141.32
74,16,3,3.75,5,0,1,230.23
37,5,2,1.73,9,0,0,142.37
53,15,1,3.11,0,2,1,162.68
33,12,1,2.92,5,0,1,139.29
67,4,2,3.88,0,1,0,150.74
26,15,4,4.15,5,0,0,163.07
30,11,1,0.84,2,0,1,90.46
32,16,1,3.29,7,0,0,134.95
53,23,4,0.99,5,1,1,187.54
